params,val_accuracy,val_roc_auc,test_accuracy,test_roc_auc
"{'bootstrap': True, 'max_depth': None, 'min_samples_leaf': 5, 'min_samples_split': 10, 'n_estimators': 5}",0.5226781857451404,0.5229177555439409,0.5210355987055016,0.5209751147440255
"{'bootstrap': True, 'max_depth': None, 'min_samples_leaf': 5, 'min_samples_split': 10, 'n_estimators': 10}",0.5431965442764579,0.5432968715000374,0.5285868392664509,0.5284043830821222
"{'bootstrap': True, 'max_depth': None, 'min_samples_leaf': 5, 'min_samples_split': 10, 'n_estimators': 20}",0.5269978401727862,0.5267770477114911,0.5329018338727076,0.5327893271764125
"{'bootstrap': True, 'max_depth': None, 'min_samples_leaf': 5, 'min_samples_split': 25, 'n_estimators': 5}",0.5237580993520519,0.5239770775778392,0.5221143473570659,0.522117900067962
"{'bootstrap': True, 'max_depth': None, 'min_samples_leaf': 5, 'min_samples_split': 25, 'n_estimators': 10}",0.5205183585313174,0.520841111028149,0.5210355987055016,0.5210798506698444
"{'bootstrap': True, 'max_depth': None, 'min_samples_leaf': 5, 'min_samples_split': 25, 'n_estimators': 20}",0.5496760259179265,0.5497788023594414,0.5318230852211435,0.531762915103386
"{'bootstrap': True, 'max_depth': None, 'min_samples_leaf': 5, 'min_samples_split': 50, 'n_estimators': 5}",0.5356371490280778,0.5357976181587396,0.535059331175836,0.5350632604991947
"{'bootstrap': True, 'max_depth': None, 'min_samples_leaf': 5, 'min_samples_split': 50, 'n_estimators': 10}",0.5431965442764579,0.5433808706040468,0.5361380798274002,0.5361129472224032
"{'bootstrap': True, 'max_depth': None, 'min_samples_leaf': 5, 'min_samples_split': 50, 'n_estimators': 20}",0.5442764578833693,0.5443981930859405,0.5329018338727076,0.5328707884520496
"{'bootstrap': True, 'max_depth': None, 'min_samples_leaf': 10, 'min_samples_split': 10, 'n_estimators': 5}",0.4956803455723542,0.4960147091764355,0.5221143473570659,0.522048076117416
"{'bootstrap': True, 'max_depth': None, 'min_samples_leaf': 10, 'min_samples_split': 10, 'n_estimators': 10}",0.5086393088552916,0.5090205704472486,0.5372168284789643,0.5371626339456117
"{'bootstrap': True, 'max_depth': None, 'min_samples_leaf': 10, 'min_samples_split': 10, 'n_estimators': 20}",0.5259179265658748,0.5261797207496453,0.5307443365695793,0.5307481403554505
"{'bootstrap': True, 'max_depth': None, 'min_samples_leaf': 10, 'min_samples_split': 25, 'n_estimators': 5}",0.5377969762419006,0.5380842604345554,0.4994606256742179,0.49952752460130523
"{'bootstrap': True, 'max_depth': None, 'min_samples_leaf': 10, 'min_samples_split': 25, 'n_estimators': 10}",0.550755939524838,0.5509641230493542,0.5339805825242718,0.5339902991258042
"{'bootstrap': True, 'max_depth': None, 'min_samples_leaf': 10, 'min_samples_split': 25, 'n_estimators': 20}",0.5377969762419006,0.5382522586425744,0.5285868392664509,0.5286022176086693
"{'bootstrap': True, 'max_depth': None, 'min_samples_leaf': 10, 'min_samples_split': 50, 'n_estimators': 5}",0.5237580993520519,0.5242290748898678,0.5296655879180151,0.5296519043318779
"{'bootstrap': True, 'max_depth': None, 'min_samples_leaf': 10, 'min_samples_split': 50, 'n_estimators': 10}",0.5345572354211663,0.5346542970208318,0.5436893203883495,0.5436702261365011
"{'bootstrap': True, 'max_depth': None, 'min_samples_leaf': 10, 'min_samples_split': 50, 'n_estimators': 20}",0.5615550755939525,0.561767341148361,0.5339805825242718,0.5340019364508951
"{'bootstrap': True, 'max_depth': None, 'min_samples_leaf': 20, 'min_samples_split': 10, 'n_estimators': 5}",0.5453563714902808,0.545037519599791,0.5663430420711975,0.5662373269529759
"{'bootstrap': True, 'max_depth': None, 'min_samples_leaf': 20, 'min_samples_split': 10, 'n_estimators': 10}",0.541036717062635,0.541136227880236,0.5609492988133765,0.5608725200860232
"{'bootstrap': True, 'max_depth': None, 'min_samples_leaf': 20, 'min_samples_split': 10, 'n_estimators': 20}",0.550755939524838,0.5506701261853207,0.5426105717367853,0.5425856274380195
"{'bootstrap': True, 'max_depth': None, 'min_samples_leaf': 20, 'min_samples_split': 25, 'n_estimators': 5}",0.5453563714902808,0.545037519599791,0.5663430420711975,0.5662373269529759
"{'bootstrap': True, 'max_depth': None, 'min_samples_leaf': 20, 'min_samples_split': 25, 'n_estimators': 10}",0.541036717062635,0.541136227880236,0.5609492988133765,0.5608725200860232
"{'bootstrap': True, 'max_depth': None, 'min_samples_leaf': 20, 'min_samples_split': 25, 'n_estimators': 20}",0.550755939524838,0.5506701261853207,0.5426105717367853,0.5425856274380195
"{'bootstrap': True, 'max_depth': None, 'min_samples_leaf': 20, 'min_samples_split': 50, 'n_estimators': 5}",0.5367170626349892,0.536646942432614,0.5307443365695793,0.5307365030303595
"{'bootstrap': True, 'max_depth': None, 'min_samples_leaf': 20, 'min_samples_split': 50, 'n_estimators': 10}",0.5377969762419006,0.5374962667064884,0.5382955771305286,0.5382239579939114
"{'bootstrap': True, 'max_depth': None, 'min_samples_leaf': 20, 'min_samples_split': 50, 'n_estimators': 20}",0.550755939524838,0.5507541252893302,0.535059331175836,0.5349468872482847
"{'bootstrap': True, 'max_depth': 10, 'min_samples_leaf': 5, 'min_samples_split': 10, 'n_estimators': 5}",0.5183585313174947,0.5185124692003286,0.5382955771305286,0.5383519685699124
"{'bootstrap': True, 'max_depth': 10, 'min_samples_leaf': 5, 'min_samples_split': 10, 'n_estimators': 10}",0.550755939524838,0.550418128873292,0.5501618122977346,0.5499799838008435
"{'bootstrap': True, 'max_depth': 10, 'min_samples_leaf': 5, 'min_samples_split': 10, 'n_estimators': 20}",0.5572354211663066,0.5566060628686628,0.5533980582524272,0.5531872305959241
"{'bootstrap': True, 'max_depth': 10, 'min_samples_leaf': 5, 'min_samples_split': 25, 'n_estimators': 5}",0.5431965442764579,0.5424988800119465,0.5490830636461704,0.5489652090529079
"{'bootstrap': True, 'max_depth': 10, 'min_samples_leaf': 5, 'min_samples_split': 25, 'n_estimators': 10}",0.5431965442764579,0.5432968715000374,0.5555555555555556,0.5554262519434333
"{'bootstrap': True, 'max_depth': 10, 'min_samples_leaf': 5, 'min_samples_split': 25, 'n_estimators': 20}",0.5453563714902808,0.5450795191517956,0.540453074433657,0.5402884194650555
"{'bootstrap': True, 'max_depth': 10, 'min_samples_leaf': 5, 'min_samples_split': 50, 'n_estimators': 5}",0.5399568034557235,0.539446912566266,0.552319309600863,0.5521026318974426
"{'bootstrap': True, 'max_depth': 10, 'min_samples_leaf': 5, 'min_samples_split': 50, 'n_estimators': 10}",0.5356371490280778,0.5353776226386918,0.5706580366774542,0.5705524470967202
"{'bootstrap': True, 'max_depth': 10, 'min_samples_leaf': 5, 'min_samples_split': 50, 'n_estimators': 20}",0.5496760259179265,0.5492748077353842,0.5663430420711975,0.5660860417267928
"{'bootstrap': True, 'max_depth': 10, 'min_samples_leaf': 10, 'min_samples_split': 10, 'n_estimators': 5}",0.5302375809935205,0.5300810124692004,0.5339805825242718,0.533804101924348
"{'bootstrap': True, 'max_depth': 10, 'min_samples_leaf': 10, 'min_samples_split': 10, 'n_estimators': 10}",0.5475161987041036,0.5474081609796162,0.5512405609492989,0.5510762198244161
"{'bootstrap': True, 'max_depth': 10, 'min_samples_leaf': 10, 'min_samples_split': 10, 'n_estimators': 20}",0.5485961123110151,0.5482574852534907,0.552319309600863,0.5521375438727156
"{'bootstrap': True, 'max_depth': 10, 'min_samples_leaf': 10, 'min_samples_split': 25, 'n_estimators': 5}",0.5604751619870411,0.5597840289703576,0.5469255663430421,0.5468076489810358
"{'bootstrap': True, 'max_depth': 10, 'min_samples_leaf': 10, 'min_samples_split': 25, 'n_estimators': 10}",0.5442764578833693,0.5433062047338162,0.5533980582524272,0.5531988679210151
"{'bootstrap': True, 'max_depth': 10, 'min_samples_leaf': 10, 'min_samples_split': 25, 'n_estimators': 20}",0.5637149028077754,0.5630879937280668,0.5490830636461704,0.5489535717278169
"{'bootstrap': True, 'max_depth': 10, 'min_samples_leaf': 10, 'min_samples_split': 50, 'n_estimators': 5}",0.5637149028077754,0.5635919883521242,0.5469255663430421,0.5469240222319459
"{'bootstrap': True, 'max_depth': 10, 'min_samples_leaf': 10, 'min_samples_split': 50, 'n_estimators': 10}",0.5475161987041036,0.5471561636675876,0.5533980582524272,0.5532337798962882
"{'bootstrap': True, 'max_depth': 10, 'min_samples_leaf': 10, 'min_samples_split': 50, 'n_estimators': 20}",0.5518358531317494,0.551351452251176,0.56957928802589,0.5693514751473285
"{'bootstrap': True, 'max_depth': 10, 'min_samples_leaf': 20, 'min_samples_split': 10, 'n_estimators': 5}",0.5367170626349892,0.5370669379526618,0.5458468176914779,0.5457695995829183
"{'bootstrap': True, 'max_depth': 10, 'min_samples_leaf': 20, 'min_samples_split': 10, 'n_estimators': 10}",0.550755939524838,0.5507541252893302,0.5469255663430421,0.5467727370057628
"{'bootstrap': True, 'max_depth': 10, 'min_samples_leaf': 20, 'min_samples_split': 10, 'n_estimators': 20}",0.550755939524838,0.550418128873292,0.5587918015102481,0.558621861413423
"{'bootstrap': True, 'max_depth': 10, 'min_samples_leaf': 20, 'min_samples_split': 25, 'n_estimators': 5}",0.5367170626349892,0.5370669379526618,0.5458468176914779,0.5457695995829183
"{'bootstrap': True, 'max_depth': 10, 'min_samples_leaf': 20, 'min_samples_split': 25, 'n_estimators': 10}",0.550755939524838,0.5507541252893302,0.5469255663430421,0.5467727370057628
"{'bootstrap': True, 'max_depth': 10, 'min_samples_leaf': 20, 'min_samples_split': 25, 'n_estimators': 20}",0.550755939524838,0.550418128873292,0.5587918015102481,0.558621861413423
"{'bootstrap': True, 'max_depth': 10, 'min_samples_leaf': 20, 'min_samples_split': 50, 'n_estimators': 5}",0.5464362850971922,0.547272829089823,0.5501618122977346,0.5502476422779365
"{'bootstrap': True, 'max_depth': 10, 'min_samples_leaf': 20, 'min_samples_split': 50, 'n_estimators': 10}",0.5464362850971922,0.546726834913761,0.5469255663430421,0.5468425609563088
"{'bootstrap': True, 'max_depth': 10, 'min_samples_leaf': 20, 'min_samples_split': 50, 'n_estimators': 20}",0.550755939524838,0.5505441275293064,0.5458468176914779,0.5456881383072811
"{'bootstrap': True, 'max_depth': 20, 'min_samples_leaf': 5, 'min_samples_split': 10, 'n_estimators': 5}",0.5075593952483801,0.50707925782125,0.5091693635382956,0.5090910783610922
"{'bootstrap': True, 'max_depth': 20, 'min_samples_leaf': 5, 'min_samples_split': 10, 'n_estimators': 10}",0.5183585313174947,0.5186384678563428,0.5026968716289104,0.5027231340712949
"{'bootstrap': True, 'max_depth': 20, 'min_samples_leaf': 5, 'min_samples_split': 10, 'n_estimators': 20}",0.5140388768898488,0.5140651833047114,0.5124056094929881,0.5123565117816279
"{'bootstrap': True, 'max_depth': 20, 'min_samples_leaf': 5, 'min_samples_split': 25, 'n_estimators': 5}",0.5442764578833693,0.5439361980138878,0.5275080906148867,0.5273779710090958
"{'bootstrap': True, 'max_depth': 20, 'min_samples_leaf': 5, 'min_samples_split': 25, 'n_estimators': 10}",0.5464362850971922,0.546306839393713,0.5339805825242718,0.5339321125003491
"{'bootstrap': True, 'max_depth': 20, 'min_samples_leaf': 5, 'min_samples_split': 25, 'n_estimators': 20}",0.5496760259179265,0.549484805495408,0.5426105717367853,0.5425739901129286
"{'bootstrap': True, 'max_depth': 20, 'min_samples_leaf': 5, 'min_samples_split': 50, 'n_estimators': 5}",0.5561555075593952,0.5561767341148361,0.535059331175836,0.5348887006228296
"{'bootstrap': True, 'max_depth': 20, 'min_samples_leaf': 5, 'min_samples_split': 50, 'n_estimators': 10}",0.5431965442764579,0.5436328679160757,0.552319309600863,0.5521259065476246
"{'bootstrap': True, 'max_depth': 20, 'min_samples_leaf': 5, 'min_samples_split': 50, 'n_estimators': 20}",0.5496760259179265,0.5496528037034271,0.5318230852211435,0.5316116298772029
"{'bootstrap': True, 'max_depth': 20, 'min_samples_leaf': 10, 'min_samples_split': 10, 'n_estimators': 5}",0.5259179265658748,0.525675726125588,0.5307443365695793,0.5306666790798135
"{'bootstrap': True, 'max_depth': 20, 'min_samples_leaf': 10, 'min_samples_split': 10, 'n_estimators': 10}",0.5367170626349892,0.5367729410886284,0.5307443365695793,0.5306317671045405
"{'bootstrap': True, 'max_depth': 20, 'min_samples_leaf': 10, 'min_samples_split': 10, 'n_estimators': 20}",0.531317494600432,0.5315183304711417,0.5436893203883495,0.5436120395110461
"{'bootstrap': True, 'max_depth': 20, 'min_samples_leaf': 10, 'min_samples_split': 25, 'n_estimators': 5}",0.5356371490280778,0.5357556186067349,0.5307443365695793,0.5306550417547223
"{'bootstrap': True, 'max_depth': 20, 'min_samples_leaf': 10, 'min_samples_split': 25, 'n_estimators': 10}",0.5442764578833693,0.5445661912939596,0.5480043149946062,0.5479620716300634
"{'bootstrap': True, 'max_depth': 20, 'min_samples_leaf': 10, 'min_samples_split': 25, 'n_estimators': 20}",0.5356371490280778,0.5356716195027252,0.5533980582524272,0.5533734277973802
"{'bootstrap': True, 'max_depth': 20, 'min_samples_leaf': 10, 'min_samples_split': 50, 'n_estimators': 5}",0.5248380129589633,0.5248264018517137,0.5307443365695793,0.5306084924543584
"{'bootstrap': True, 'max_depth': 20, 'min_samples_leaf': 10, 'min_samples_split': 50, 'n_estimators': 10}",0.531317494600432,0.5311823340551035,0.5382955771305286,0.5382123206688203
"{'bootstrap': True, 'max_depth': 20, 'min_samples_leaf': 10, 'min_samples_split': 50, 'n_estimators': 20}",0.5561555075593952,0.5563027327708504,0.540453074433657,0.5403698807406925
"{'bootstrap': True, 'max_depth': 20, 'min_samples_leaf': 20, 'min_samples_split': 10, 'n_estimators': 5}",0.550755939524838,0.5512581199133877,0.552319309600863,0.5523470157243536
"{'bootstrap': True, 'max_depth': 20, 'min_samples_leaf': 20, 'min_samples_split': 10, 'n_estimators': 10}",0.531317494600432,0.5313923318151274,0.5501618122977346,0.5500381704262984
"{'bootstrap': True, 'max_depth': 20, 'min_samples_leaf': 20, 'min_samples_split': 10, 'n_estimators': 20}",0.5539956803455723,0.5541000895990442,0.535059331175836,0.5349934365486486
"{'bootstrap': True, 'max_depth': 20, 'min_samples_leaf': 20, 'min_samples_split': 25, 'n_estimators': 5}",0.550755939524838,0.5512581199133877,0.552319309600863,0.5523470157243536
"{'bootstrap': True, 'max_depth': 20, 'min_samples_leaf': 20, 'min_samples_split': 25, 'n_estimators': 10}",0.531317494600432,0.5313923318151274,0.5501618122977346,0.5500381704262984
"{'bootstrap': True, 'max_depth': 20, 'min_samples_leaf': 20, 'min_samples_split': 25, 'n_estimators': 20}",0.5539956803455723,0.5541000895990442,0.535059331175836,0.5349934365486486
"{'bootstrap': True, 'max_depth': 20, 'min_samples_leaf': 20, 'min_samples_split': 50, 'n_estimators': 5}",0.5302375809935205,0.5303750093332338,0.5134843581445523,0.5136156703564746
"{'bootstrap': True, 'max_depth': 20, 'min_samples_leaf': 20, 'min_samples_split': 50, 'n_estimators': 10}",0.5377969762419006,0.5377062644665123,0.5436893203883495,0.5436353141612282
"{'bootstrap': True, 'max_depth': 20, 'min_samples_leaf': 20, 'min_samples_split': 50, 'n_estimators': 20}",0.541036717062635,0.5409682296722168,0.5382955771305286,0.5382239579939114
"{'bootstrap': False, 'max_depth': None, 'min_samples_leaf': 5, 'min_samples_split': 10, 'n_estimators': 5}",0.5291576673866091,0.5295256850593594,0.5296655879180151,0.5296751789820598
"{'bootstrap': False, 'max_depth': None, 'min_samples_leaf': 5, 'min_samples_split': 10, 'n_estimators': 10}",0.5226781857451404,0.522875755991936,0.5275080906148867,0.5275874428607339
"{'bootstrap': False, 'max_depth': None, 'min_samples_leaf': 5, 'min_samples_split': 10, 'n_estimators': 20}",0.5323974082073434,0.5329136489210782,0.5361380798274002,0.5362176831482223
"{'bootstrap': False, 'max_depth': None, 'min_samples_leaf': 5, 'min_samples_split': 25, 'n_estimators': 5}",0.5043196544276458,0.5045312849996267,0.5361380798274002,0.5361711338478583
"{'bootstrap': False, 'max_depth': None, 'min_samples_leaf': 5, 'min_samples_split': 25, 'n_estimators': 10}",0.5302375809935205,0.530333009781229,0.5318230852211435,0.5319025630044781
"{'bootstrap': False, 'max_depth': None, 'min_samples_leaf': 5, 'min_samples_split': 25, 'n_estimators': 20}",0.5291576673866091,0.5293576868513402,0.5275080906148867,0.5275408935603698
"{'bootstrap': False, 'max_depth': None, 'min_samples_leaf': 5, 'min_samples_split': 50, 'n_estimators': 5}",0.519438444924406,0.5196977898902411,0.511326860841424,0.5111904518075093
"{'bootstrap': False, 'max_depth': None, 'min_samples_leaf': 5, 'min_samples_split': 50, 'n_estimators': 10}",0.5302375809935205,0.5307530053012768,0.5393743257820928,0.5393551059927569
"{'bootstrap': False, 'max_depth': None, 'min_samples_leaf': 5, 'min_samples_split': 50, 'n_estimators': 20}",0.531317494600432,0.5316443291271559,0.5296655879180151,0.5296519043318779
"{'bootstrap': False, 'max_depth': None, 'min_samples_leaf': 10, 'min_samples_split': 10, 'n_estimators': 5}",0.5129589632829373,0.51359385499888,0.5156418554476807,0.5157034064778006
"{'bootstrap': False, 'max_depth': None, 'min_samples_leaf': 10, 'min_samples_split': 10, 'n_estimators': 10}",0.5291576673866091,0.5292316881953258,0.517799352750809,0.5178027799242177
"{'bootstrap': False, 'max_depth': None, 'min_samples_leaf': 10, 'min_samples_split': 10, 'n_estimators': 20}",0.5421166306695464,0.5419435526021055,0.5426105717367853,0.5426205394132927
"{'bootstrap': False, 'max_depth': None, 'min_samples_leaf': 10, 'min_samples_split': 25, 'n_estimators': 5}",0.5043196544276458,0.5045732845516315,0.5026968716289104,0.502734771396386
"{'bootstrap': False, 'max_depth': None, 'min_samples_leaf': 10, 'min_samples_split': 25, 'n_estimators': 10}",0.509719222462203,0.5102058911371612,0.5134843581445523,0.5134643851302916
"{'bootstrap': False, 'max_depth': None, 'min_samples_leaf': 10, 'min_samples_split': 25, 'n_estimators': 20}",0.5248380129589633,0.5250363996117374,0.5156418554476807,0.5156684945025276
"{'bootstrap': False, 'max_depth': None, 'min_samples_leaf': 10, 'min_samples_split': 50, 'n_estimators': 5}",0.550755939524838,0.5515521167774211,0.5145631067961165,0.5145140718535001
"{'bootstrap': False, 'max_depth': None, 'min_samples_leaf': 10, 'min_samples_split': 50, 'n_estimators': 10}",0.5345572354211663,0.5354102889569178,0.5145631067961165,0.5146537197545922
"{'bootstrap': False, 'max_depth': None, 'min_samples_leaf': 10, 'min_samples_split': 50, 'n_estimators': 20}",0.5453563714902808,0.545793511535877,0.5285868392664509,0.5285556683083054
"{'bootstrap': False, 'max_depth': None, 'min_samples_leaf': 20, 'min_samples_split': 10, 'n_estimators': 5}",0.5442764578833693,0.54448219218995,0.5275080906148867,0.5275059815850968
"{'bootstrap': False, 'max_depth': None, 'min_samples_leaf': 20, 'min_samples_split': 10, 'n_estimators': 10}",0.5475161987041036,0.5482481520197118,0.5188781014023732,0.5189688398983364
"{'bootstrap': False, 'max_depth': None, 'min_samples_leaf': 20, 'min_samples_split': 10, 'n_estimators': 20}",0.5367170626349892,0.5370249384006571,0.52319309600863,0.5232374107417165
"{'bootstrap': False, 'max_depth': None, 'min_samples_leaf': 20, 'min_samples_split': 25, 'n_estimators': 5}",0.5442764578833693,0.54448219218995,0.5275080906148867,0.5275059815850968
"{'bootstrap': False, 'max_depth': None, 'min_samples_leaf': 20, 'min_samples_split': 25, 'n_estimators': 10}",0.5475161987041036,0.5482481520197118,0.5188781014023732,0.5189688398983364
"{'bootstrap': False, 'max_depth': None, 'min_samples_leaf': 20, 'min_samples_split': 25, 'n_estimators': 20}",0.5367170626349892,0.5370249384006571,0.52319309600863,0.5232374107417165
"{'bootstrap': False, 'max_depth': None, 'min_samples_leaf': 20, 'min_samples_split': 50, 'n_estimators': 5}",0.550755939524838,0.5510481221533637,0.5415318230852212,0.5415592153649931
"{'bootstrap': False, 'max_depth': None, 'min_samples_leaf': 20, 'min_samples_split': 50, 'n_estimators': 10}",0.5302375809935205,0.5305430075412528,0.5275080906148867,0.5275525308854608
"{'bootstrap': False, 'max_depth': None, 'min_samples_leaf': 20, 'min_samples_split': 50, 'n_estimators': 20}",0.5205183585313174,0.5207991114761442,0.5458468176914779,0.5458976101589194
"{'bootstrap': False, 'max_depth': 10, 'min_samples_leaf': 5, 'min_samples_split': 10, 'n_estimators': 5}",0.5421166306695464,0.5415655566340626,0.5480043149946062,0.5477409624533343
"{'bootstrap': False, 'max_depth': 10, 'min_samples_leaf': 5, 'min_samples_split': 10, 'n_estimators': 10}",0.5464362850971922,0.5460128425296797,0.5393743257820928,0.5391223594909369
"{'bootstrap': False, 'max_depth': 10, 'min_samples_leaf': 5, 'min_samples_split': 10, 'n_estimators': 20}",0.5572354211663066,0.5568580601806914,0.5490830636461704,0.5488604731270889
"{'bootstrap': False, 'max_depth': 10, 'min_samples_leaf': 5, 'min_samples_split': 25, 'n_estimators': 5}",0.5388768898488121,0.5383455909803629,0.5329018338727076,0.5325449433495015
"{'bootstrap': False, 'max_depth': 10, 'min_samples_leaf': 5, 'min_samples_split': 25, 'n_estimators': 10}",0.5485961123110151,0.548173486149481,0.535059331175836,0.5347374153966467
"{'bootstrap': False, 'max_depth': 10, 'min_samples_leaf': 5, 'min_samples_split': 25, 'n_estimators': 20}",0.5496760259179265,0.5490648099753603,0.5533980582524272,0.5531174066453781
"{'bootstrap': False, 'max_depth': 10, 'min_samples_leaf': 5, 'min_samples_split': 50, 'n_estimators': 5}",0.5367170626349892,0.5366049428806092,0.5436893203883495,0.5435305782354091
"{'bootstrap': False, 'max_depth': 10, 'min_samples_leaf': 5, 'min_samples_split': 50, 'n_estimators': 10}",0.5431965442764579,0.5429608750839992,0.552319309600863,0.5521491811978066
"{'bootstrap': False, 'max_depth': 10, 'min_samples_leaf': 5, 'min_samples_split': 50, 'n_estimators': 20}",0.5496760259179265,0.5490228104233555,0.5577130528586839,0.5575139880647595
"{'bootstrap': False, 'max_depth': 10, 'min_samples_leaf': 10, 'min_samples_split': 10, 'n_estimators': 5}",0.5518358531317494,0.5522334428432764,0.5490830636461704,0.549058307653636
"{'bootstrap': False, 'max_depth': 10, 'min_samples_leaf': 10, 'min_samples_split': 10, 'n_estimators': 10}",0.5485961123110151,0.548761479877548,0.5469255663430421,0.5468309236312178
"{'bootstrap': False, 'max_depth': 10, 'min_samples_leaf': 10, 'min_samples_split': 10, 'n_estimators': 20}",0.5475161987041036,0.5473241618756066,0.552319309600863,0.5521724558479886
"{'bootstrap': False, 'max_depth': 10, 'min_samples_leaf': 10, 'min_samples_split': 25, 'n_estimators': 5}",0.5421166306695464,0.5419015530501008,0.535059331175836,0.5349585245733756
"{'bootstrap': False, 'max_depth': 10, 'min_samples_leaf': 10, 'min_samples_split': 25, 'n_estimators': 10}",0.5356371490280778,0.5357556186067349,0.5587918015102481,0.558668410713787
"{'bootstrap': False, 'max_depth': 10, 'min_samples_leaf': 10, 'min_samples_split': 25, 'n_estimators': 20}",0.5334773218142549,0.5333849772269096,0.5598705501618123,0.5597762840624505
"{'bootstrap': False, 'max_depth': 10, 'min_samples_leaf': 10, 'min_samples_split': 50, 'n_estimators': 5}",0.5453563714902808,0.5449535204957815,0.511326860841424,0.5111206278569633
"{'bootstrap': False, 'max_depth': 10, 'min_samples_leaf': 10, 'min_samples_split': 50, 'n_estimators': 10}",0.5464362850971922,0.546138841185694,0.5296655879180151,0.5295820803813318
"{'bootstrap': False, 'max_depth': 10, 'min_samples_leaf': 10, 'min_samples_split': 50, 'n_estimators': 20}",0.5475161987041036,0.5469461659075636,0.540453074433657,0.5403000567901465
"{'bootstrap': False, 'max_depth': 10, 'min_samples_leaf': 20, 'min_samples_split': 10, 'n_estimators': 5}",0.5464362850971922,0.5466008362577466,0.5339805825242718,0.533873925874894
"{'bootstrap': False, 'max_depth': 10, 'min_samples_leaf': 20, 'min_samples_split': 10, 'n_estimators': 10}",0.5539956803455723,0.5537640931830061,0.5275080906148867,0.5272965097334588
"{'bootstrap': False, 'max_depth': 10, 'min_samples_leaf': 20, 'min_samples_split': 10, 'n_estimators': 20}",0.5431965442764579,0.5428348764279848,0.5469255663430421,0.5466680010799438
"{'bootstrap': False, 'max_depth': 10, 'min_samples_leaf': 20, 'min_samples_split': 25, 'n_estimators': 5}",0.5464362850971922,0.5466008362577466,0.5339805825242718,0.533873925874894
"{'bootstrap': False, 'max_depth': 10, 'min_samples_leaf': 20, 'min_samples_split': 25, 'n_estimators': 10}",0.5539956803455723,0.5537640931830061,0.5275080906148867,0.5272965097334588
"{'bootstrap': False, 'max_depth': 10, 'min_samples_leaf': 20, 'min_samples_split': 25, 'n_estimators': 20}",0.5431965442764579,0.5428348764279848,0.5469255663430421,0.5466680010799438
"{'bootstrap': False, 'max_depth': 10, 'min_samples_leaf': 20, 'min_samples_split': 50, 'n_estimators': 5}",0.5356371490280778,0.5354196221906967,0.540453074433657,0.5403000567901465
"{'bootstrap': False, 'max_depth': 10, 'min_samples_leaf': 20, 'min_samples_split': 50, 'n_estimators': 10}",0.5356371490280778,0.5352936235346822,0.5361380798274002,0.5360663979220393
"{'bootstrap': False, 'max_depth': 10, 'min_samples_leaf': 20, 'min_samples_split': 50, 'n_estimators': 20}",0.5442764578833693,0.5436002015978496,0.5490830636461704,0.548930297077635
"{'bootstrap': False, 'max_depth': 20, 'min_samples_leaf': 5, 'min_samples_split': 10, 'n_estimators': 5}",0.5334773218142549,0.533510975882924,0.5264293419633226,0.5264795695120703
"{'bootstrap': False, 'max_depth': 20, 'min_samples_leaf': 5, 'min_samples_split': 10, 'n_estimators': 10}",0.5226781857451404,0.5227497573359218,0.5382955771305286,0.5384101551953674
"{'bootstrap': False, 'max_depth': 20, 'min_samples_leaf': 5, 'min_samples_split': 10, 'n_estimators': 20}",0.5464362850971922,0.5466008362577466,0.5307443365695793,0.5308528762812694
"{'bootstrap': False, 'max_depth': 20, 'min_samples_leaf': 5, 'min_samples_split': 25, 'n_estimators': 5}",0.5259179265658748,0.526431718061674,0.535059331175836,0.5352029084002867
"{'bootstrap': False, 'max_depth': 20, 'min_samples_leaf': 5, 'min_samples_split': 25, 'n_estimators': 10}",0.5280777537796977,0.5287603598894945,0.535059331175836,0.5352261830504687
"{'bootstrap': False, 'max_depth': 20, 'min_samples_leaf': 5, 'min_samples_split': 25, 'n_estimators': 20}",0.5345572354211663,0.5349062943328604,0.5242718446601942,0.5243336467652892
"{'bootstrap': False, 'max_depth': 20, 'min_samples_leaf': 5, 'min_samples_split': 50, 'n_estimators': 5}",0.5302375809935205,0.5303750093332338,0.5307443365695793,0.5307830523307234
"{'bootstrap': False, 'max_depth': 20, 'min_samples_leaf': 5, 'min_samples_split': 50, 'n_estimators': 10}",0.5345572354211663,0.5350322929888748,0.5124056094929881,0.5124263357321739
"{'bootstrap': False, 'max_depth': 20, 'min_samples_leaf': 5, 'min_samples_split': 50, 'n_estimators': 20}",0.5356371490280778,0.5359656163667588,0.5242718446601942,0.5242405481645611
"{'bootstrap': False, 'max_depth': 20, 'min_samples_leaf': 10, 'min_samples_split': 10, 'n_estimators': 5}",0.5388768898488121,0.5393955797804824,0.5091693635382956,0.5092190889370932
"{'bootstrap': False, 'max_depth': 20, 'min_samples_leaf': 10, 'min_samples_split': 10, 'n_estimators': 10}",0.5442764578833693,0.5446081908459643,0.5124056094929881,0.512403061081992
"{'bootstrap': False, 'max_depth': 20, 'min_samples_leaf': 10, 'min_samples_split': 10, 'n_estimators': 20}",0.5399568034557235,0.5401609049503473,0.5275080906148867,0.5274594322847328
"{'bootstrap': False, 'max_depth': 20, 'min_samples_leaf': 10, 'min_samples_split': 25, 'n_estimators': 5}",0.5269978401727862,0.5276170387515866,0.5307443365695793,0.5308412389561785
"{'bootstrap': False, 'max_depth': 20, 'min_samples_leaf': 10, 'min_samples_split': 25, 'n_estimators': 10}",0.5323974082073434,0.5325356529530352,0.5264293419633226,0.5265261188124343
"{'bootstrap': False, 'max_depth': 20, 'min_samples_leaf': 10, 'min_samples_split': 25, 'n_estimators': 20}",0.5388768898488121,0.5389755842604346,0.5329018338727076,0.5329173377524137
"{'bootstrap': False, 'max_depth': 20, 'min_samples_leaf': 10, 'min_samples_split': 50, 'n_estimators': 5}",0.5485961123110151,0.5490974762935863,0.5318230852211435,0.531797827078659
"{'bootstrap': False, 'max_depth': 20, 'min_samples_leaf': 10, 'min_samples_split': 50, 'n_estimators': 10}",0.531317494600432,0.5317703277831702,0.5134843581445523,0.5134643851302916
"{'bootstrap': False, 'max_depth': 20, 'min_samples_leaf': 10, 'min_samples_split': 50, 'n_estimators': 20}",0.5345572354211663,0.5346542970208318,0.5285868392664509,0.5284858443577594
"{'bootstrap': False, 'max_depth': 20, 'min_samples_leaf': 20, 'min_samples_split': 10, 'n_estimators': 5}",0.521598272138229,0.5217324348540282,0.5372168284789643,0.5372091832459759
"{'bootstrap': False, 'max_depth': 20, 'min_samples_leaf': 20, 'min_samples_split': 10, 'n_estimators': 10}",0.5431965442764579,0.5436328679160757,0.5145631067961165,0.5146071704542281
"{'bootstrap': False, 'max_depth': 20, 'min_samples_leaf': 20, 'min_samples_split': 10, 'n_estimators': 20}",0.5291576673866091,0.5293576868513402,0.5285868392664509,0.5285905802835783
"{'bootstrap': False, 'max_depth': 20, 'min_samples_leaf': 20, 'min_samples_split': 25, 'n_estimators': 5}",0.521598272138229,0.5217324348540282,0.5372168284789643,0.5372091832459759
"{'bootstrap': False, 'max_depth': 20, 'min_samples_leaf': 20, 'min_samples_split': 25, 'n_estimators': 10}",0.5431965442764579,0.5436328679160757,0.5145631067961165,0.5146071704542281
"{'bootstrap': False, 'max_depth': 20, 'min_samples_leaf': 20, 'min_samples_split': 25, 'n_estimators': 20}",0.5291576673866091,0.5293576868513402,0.5285868392664509,0.5285905802835783
"{'bootstrap': False, 'max_depth': 20, 'min_samples_leaf': 20, 'min_samples_split': 50, 'n_estimators': 5}",0.5431965442764579,0.5435068692600613,0.5329018338727076,0.5329522497276866
"{'bootstrap': False, 'max_depth': 20, 'min_samples_leaf': 20, 'min_samples_split': 50, 'n_estimators': 10}",0.5485961123110151,0.5488034794295528,0.5221143473570659,0.5221528120432349
"{'bootstrap': False, 'max_depth': 20, 'min_samples_leaf': 20, 'min_samples_split': 50, 'n_estimators': 20}",0.5399568034557235,0.5400769058463376,0.5339805825242718,0.5339321125003491
